{"errors":[],"warnings":[],"namedChunkGroups":{"app":{"chunks":[5,0],"assets":["webpack-runtime-b7a381142663f8722751.js","webpack-runtime-b7a381142663f8722751.js.map","app-4c52c7bc0b6f0f1d49b9.js","app-4c52c7bc0b6f0f1d49b9.js.map"],"children":{},"childAssets":{}},"component---node-modules-gatsby-plugin-offline-app-shell-js":{"chunks":[1],"assets":["component---node-modules-gatsby-plugin-offline-app-shell-js-cfbad065658beecf4111.js","component---node-modules-gatsby-plugin-offline-app-shell-js-cfbad065658beecf4111.js.map"],"children":{},"childAssets":{}},"component---src-pages-index-jsx":{"chunks":[4,6,2],"assets":["styles.18be1ebaf4d70b505523.css","styles-4f078a6e0374770d09f3.js","styles-4f078a6e0374770d09f3.js.map","6-f8114540c661830c4d91.js","6-f8114540c661830c4d91.js.map","component---src-pages-index-jsx-289fe99fbef505d453f2.js","component---src-pages-index-jsx-289fe99fbef505d453f2.js.map"],"children":{},"childAssets":{}},"pages-manifest":{"chunks":[3],"assets":["pages-manifest-3a5b9001224bd5961e85.js","pages-manifest-3a5b9001224bd5961e85.js.map"],"children":{},"childAssets":{}}},"assetsByChunkName":{"app":["webpack-runtime-b7a381142663f8722751.js","app-4c52c7bc0b6f0f1d49b9.js"],"component---node-modules-gatsby-plugin-offline-app-shell-js":["component---node-modules-gatsby-plugin-offline-app-shell-js-cfbad065658beecf4111.js"],"component---src-pages-index-jsx":["styles.18be1ebaf4d70b505523.css","styles-4f078a6e0374770d09f3.js","6-f8114540c661830c4d91.js","component---src-pages-index-jsx-289fe99fbef505d453f2.js"],"pages-manifest":["pages-manifest-3a5b9001224bd5961e85.js"]}}